{
  "total_stocks": 10,
  "sequence_length": 60,
  "prediction_horizon": 5,
  "individual_metrics": {
    "BHARTIARTL.NS": {
      "RMSE": 49.06447796570218,
      "MAE": 37.0887451171875,
      "MAPE": 2.752835750579834,
      "R2": 0.9619654417037964,
      "Directional_Accuracy": 52.82152230971129
    },
    "HDFCBANK.NS": {
      "RMSE": 26.059428447975527,
      "MAE": 19.72130584716797,
      "MAPE": 2.5353479385375977,
      "R2": 0.8248963356018066,
      "Directional_Accuracy": 49.803149606299215
    },
    "HINDUNILVR.NS": {
      "RMSE": 78.56809658367224,
      "MAE": 60.62451171875,
      "MAPE": 2.439094066619873,
      "R2": 0.8166254162788391,
      "Directional_Accuracy": 49.14698162729659
    },
    "ICICIBANK.NS": {
      "RMSE": 31.674455293880943,
      "MAE": 24.009075164794922,
      "MAPE": 2.0881428718566895,
      "R2": 0.9378287196159363,
      "Directional_Accuracy": 50.26246719160105
    },
    "INFY.NS": {
      "RMSE": 47.59962055471792,
      "MAE": 37.06895065307617,
      "MAPE": 2.30735445022583,
      "R2": 0.9459202885627747,
      "Directional_Accuracy": 52.362204724409445
    },
    "ITC.NS": {
      "RMSE": 8.865044826473842,
      "MAE": 6.859712600708008,
      "MAPE": 1.5805271863937378,
      "R2": 0.9281575679779053,
      "Directional_Accuracy": 50.65616797900262
    },
    "KOTAKBANK.NS": {
      "RMSE": 46.814171469658895,
      "MAE": 35.021305084228516,
      "MAPE": 1.9930349588394165,
      "R2": 0.40908724069595337,
      "Directional_Accuracy": 50.59055118110236
    },
    "LT.NS": {
      "RMSE": 111.679564806246,
      "MAE": 90.25468444824219,
      "MAPE": 2.6033260822296143,
      "R2": 0.7693843841552734,
      "Directional_Accuracy": 52.16535433070866
    },
    "RELIANCE.NS": {
      "RMSE": 36.73240936095722,
      "MAE": 29.56175994873047,
      "MAPE": 2.1925458908081055,
      "R2": 0.9109714031219482,
      "Directional_Accuracy": 50.39370078740157
    },
    "TCS.NS": {
      "RMSE": 104.31330980063139,
      "MAE": 83.6860580444336,
      "MAPE": 2.1766889095306396,
      "R2": 0.8910625576972961,
      "Directional_Accuracy": 47.112860892388454
    }
  },
  "aggregate_stats": {
    "mean_rmse": 54.13705791099162,
    "mean_mae": 42.389610862731935,
    "mean_mape": 2.266890048980713,
    "mean_r2": 0.8395899355411529,
    "mean_dir_acc": 50.53149606299212
  }
}